{
    "Standard": [
        {
            "ambient": {
                "x": 0.37552744150161743,
                "y": 0.26619666814804077,
                "z": 0.26619666814804077
            },
            "diffuse": {
                "w": 1.0,
                "x": 1.0,
                "y": 1.0,
                "z": 1.0
            },
            "name": "Test",
            "specular": {
                "x": 1.0,
                "y": 1.0,
                "z": 1.0
            },
            "specularPower": 10.0
        }
    ]
}
