{
    "Standard": [
        {
            "ambient": {
                "x": 0.37552744150161743,
                "y": 0.26619666814804077,
                "z": 0.26619666814804077
            },
            "diffuse": {
                "w": 1.0,
                "x": 1.0,
                "y": 1.0,
                "z": 1.0
            },
            "isBloom": false,
            "name": "Test",
            "specular": {
                "x": 1.0,
                "y": 1.0,
                "z": 1.0
            },
            "specularPower": 10.0
        },
        {
            "ambient": {
                "x": 0.0,
                "y": 0.0,
                "z": 0.0
            },
            "diffuse": {
                "w": 0.2151898741722107,
                "x": 0.2151898741722107,
                "y": 0.2151898741722107,
                "z": 0.2151898741722107
            },
            "isBloom": false,
            "name": "Gray",
            "specular": {
                "x": 1.0,
                "y": 1.0,
                "z": 1.0
            },
            "specularPower": 0.531000018119812
        },
        {
            "ambient": {
                "x": 0.0,
                "y": 0.0,
                "z": 0.0
            },
            "diffuse": {
                "w": 1.0,
                "x": 0.0,
                "y": 0.8607594966888428,
                "z": 1.0
            },
            "isBloom": false,
            "name": "Sky",
            "specular": {
                "x": 1.0,
                "y": 1.0,
                "z": 1.0
            },
            "specularPower": 0.0
        }
    ]
}
