{
    "Directional Light": {
        "x": 10.588000297546387,
        "y": -105.88200378417969,
        "z": 116.47100067138672
    },
    "FbxActor": [
        {
            "ModelPath": "FBX/stage.fbx",
            "Transform": {
                "Position": {
                    "x": 0.0,
                    "y": 0.0,
                    "z": 0.2800000011920929
                },
                "Rotation": {
                    "x": 90.0,
                    "y": 0.0,
                    "z": 0.0
                },
                "Scale": {
                    "x": 5.0,
                    "y": 5.0,
                    "z": 5.0
                }
            }
        }
    ]
}
