{
    "Directional Light": {
        "x": 21.176000595092773,
        "y": 42.352996826171875,
        "z": 7.833258415575727e-43
    },
    "FbxActor": [
        {
            "ModelPath": "FBX/stage.fbx",
            "Transform": {
                "Position": {
                    "x": 0.0,
                    "y": 0.0,
                    "z": 0.2800000011920929
                },
                "Rotation": {
                    "x": 90.0,
                    "y": 0.0,
                    "z": 0.0
                },
                "Scale": {
                    "x": 5.0,
                    "y": 5.0,
                    "z": 5.0
                }
            }
        }
    ]
}
