{
    "Directional Light": {
        "x": 21.176000595092773,
        "y": 10.588000297546387,
        "z": 8.001414231294705e-43
    },
    "FbxActor": [
        {
            "Material": [
                "Sky",
                "Gray",
                "Sky",
                "Gray"
            ],
            "ModelPath": "FBX/stage.fbx",
            "Name": "Stage",
            "Transform": {
                "Position": {
                    "x": 0.0,
                    "y": 0.0,
                    "z": 0.2800000011920929
                },
                "Rotation": {
                    "x": 90.0,
                    "y": 0.0,
                    "z": 0.0
                },
                "Scale": {
                    "x": 5.0,
                    "y": 5.0,
                    "z": 5.0
                }
            }
        }
    ]
}
